pair,d,diff_mean
GA vs IL,0.114,-4.832758
IL vs WA,0.114,4.8069696
CO vs GA,0.113,5.0649204
CO vs WA,0.111,5.039132
GA vs NY,0.111,-4.7993193
NY vs WA,0.111,4.773531
CA vs CO,0.093,-3.9473314
CA vs IL,0.09,-3.715169
VA vs WA,0.089,3.853284
GA vs VA,0.089,-3.8790722
CA vs NY,0.088,-3.6817303
GA vs TX,0.078,-3.251585
TX vs WA,0.077,3.2257967
CO vs NC,0.069,3.236331
FL vs GA,0.069,2.9471073
FL vs WA,0.069,2.921319
IL vs NC,0.068,3.0041685
NC vs NY,0.066,-2.9707298
CA vs VA,0.066,-2.7614832
CA vs TX,0.052,-2.133996
NC vs VA,0.046,-2.0504827
NC vs WA,0.046,1.8028011
GA vs NC,0.046,-1.8285894
CO vs FL,0.045,2.117813
CA vs FL,0.044,-1.8295183
FL vs IL,0.042,-1.8856506
CO vs TX,0.04,1.8133354
FL vs NY,0.04,-1.852212
IL vs TX,0.036,1.581173
NY vs TX,0.035,1.5477343
NC vs TX,0.033,-1.4229956
CA vs GA,0.029,1.117589
CA vs WA,0.029,1.0918007
FL vs NC,0.026,1.1185179
CO vs VA,0.024,1.1858482
FL vs VA,0.02,-0.9319649
IL vs VA,0.02,0.95368576
NY vs VA,0.019,0.9202471
CA vs NC,0.018,-0.71100044
TX vs VA,0.014,-0.6274872
FL vs TX,0.007,-0.3044777
CO vs IL,0.005,0.23216248
CO vs NY,0.005,0.26560116
GA vs WA,0.001,-0.025788307
IL vs NY,0.001,0.033438683
