setting,model,MAE,RMSE,R2,AUC,PR_AUC,F1,thr,dMAE_vs_LGB_lo,dMAE_vs_LGB_hi,dBrier_vs_LGB_lo,dBrier_vs_LGB_hi,dMAE_vs_zero_lo,dMAE_vs_zero_hi
-,Const: always 0,16.426286697387695,47.34856101793116,-0.13682270050048828,,,,,,,,,,
-,Const: median,16.426286697387695,47.34856101793116,-0.13682270050048828,,,,,,,,,,
-,Const: mean,20.768131256103516,44.61837009792393,-0.009500503540039062,,,,,,,,,,
H2,Linear / Logistic,20.541379928588867,43.830651108128656,0.025829434394836426,0.6594289028133791,0.3663324730137336,0.42874846468312894,0.14543592929840088,0.09917479511943444,0.40879242104604635,0.003643346848983564,0.005575612419713755,,
H2,Random Forest (1M),20.18479672268422,43.495952707718665,0.040650505761362865,0.6823762157714034,0.3970951917020519,0.4392171773910138,0.44404604579918827,-0.22620921832321242,0.005867671242272622,0.05376162079788996,0.06437773839913427,,
H2,LightGBM (L2),20.29327477301081,43.44487134843062,0.04290249003336222,0.6823405144590565,0.39986028173785804,0.43758173718446364,0.14098731759459923,,,,,,
H2,LightGBM (Huber),17.68933543607431,44.364140002689254,0.0019707040859996416,,,,,-2.7732404504708774,-2.4259473275530055,,,,
H2,XGBoost,20.276411056518555,43.38546512352236,0.04551815986633301,0.6812902792068187,0.3969884452065544,0.43576547134716137,0.1445963829755783,-0.048566062615834,0.015824894403413142,0.0002266126833279813,0.0009713528117211382,,
H2,LightGBM (L1),16.22891051402658,46.36399825530899,-0.09003618974869276,,,,,,,,,-0.26491273415731853,-0.13011377649250788
