setting,config,seed,MAE,RMSE,R2,AUC,PR_AUC,F1,thr,iters_reg,iters_cls,dMAE_lo,dMAE_hi,dBrier_lo,dBrier_hi
-,const_zero,-1,16.426286697387695,47.34856101793116,-0.13682270050048828,,,,,,,,,,
-,const_median,-1,16.426286697387695,47.34856101793116,-0.13682270050048828,,,,,,,,,,
-,const_mean,-1,20.768131256103516,44.61837009792393,-0.009500503540039062,,,,,,,,,,
-,none,42,21.262842875352195,43.85333292754629,0.024820939156664057,0.6609413779763018,0.36331413825347436,0.42200039349287055,0.14413637205533042,140.0,47.0,,,,
oracle,org,42,20.205399599831143,43.14607861523553,0.0560221231535617,0.6818647927918552,0.4171879638406304,0.43521900553150555,0.14981249387389126,305.0,49.0,-1.2163552774363209,-0.8925941615067337,-0.004808449724175688,-0.003152432918355799
oracle,dst,42,20.406594616830727,43.531608865650256,0.03907699210945226,0.6792258193293992,0.3948091313282442,0.43567672408932523,0.14491783809770858,330.0,79.0,-1.0144333644701715,-0.7107926939827054,-0.0035238633605911714,-0.002228285796000717
oracle,both,42,19.511756905259745,42.8747628336531,0.0678568407153387,0.6961819710881171,0.4380712012632328,0.4459185392979987,0.140161572963105,315.0,141.0,-1.9770701972430595,-1.5197217303899475,-0.008240820066993868,-0.005412036593497109
H0,org,42,20.39334806876143,43.261633143957404,0.05095899837685969,0.6797629305255073,0.4103236948682232,0.432903001336776,0.14369341117531528,305.0,66.0,-1.0397893134197258,-0.6999414440971115,-0.00470813297479745,-0.0029718807237931067
H0,dst,42,20.640054482279375,43.64913942474418,0.033881214551102046,0.6750472400270286,0.3833008929118155,0.43220826162738374,0.1406480202867374,324.0,150.0,-0.794571676349391,-0.4583809266982493,-0.002835251516645912,-0.0014434686831827997
H0,both,42,19.88516714586759,43.115038683446805,0.05737985808828905,0.6901723278565643,0.4224728669845934,0.44479397041094143,0.14510811353671849,290.0,239.0,-1.6218935801186143,-1.1321533425368415,-0.006670055088742022,-0.003926924357134766
H2,org,42,20.614963600063064,43.49655502318858,0.040623936160917085,0.6755651898905505,0.39131581194516524,0.4316387159127102,0.14601174676069084,220.0,67.0,-0.8292319020326759,-0.4704214897543457,-0.0031487631379703176,-0.001640062571460498
H2,dst,42,20.758620806426617,43.70672433113875,0.0313303941435904,0.6717784609400268,0.3786698131674616,0.43224384317059317,0.15059262526596823,305.0,80.0,-0.666922113554564,-0.3454529745139119,-0.002193649529473954,-0.0010309828448690742
H2,both,42,20.327937752349815,43.42719967223785,0.043680951420273506,0.6815693975054157,0.3995682019283233,0.4373760696398579,0.14170097155036554,319.0,154.0,-1.183586552831512,-0.6879533936508999,-0.004472314937595737,-0.002167795269134027
H6,org,42,20.909233428392547,43.67629229963127,0.03267885124128789,0.671192085853651,0.3796111156650913,0.42947594825704033,0.14523877773092458,305.0,65.0,-0.5399473616359965,-0.17613511713405838,-0.002169068219760519,-0.000938679820004567
H6,dst,42,20.892354329847524,43.77594606177512,0.02825964994722352,0.6692924262729754,0.3715996432551883,0.42953103370290596,0.14344166429922842,304.0,142.0,-0.5327542350027727,-0.2205941625796848,-0.0018833635620028408,-0.0006101176979765701
H6,both,42,20.663187664955306,43.64706882199086,0.03397287275080496,0.675516674256699,0.3834244084972024,0.43421140977149125,0.1473286884731745,292.0,68.0,-0.8440995626013361,-0.3638206170751611,-0.0026765738092681107,-0.0011143798004682188
-,none,43,21.240243409979506,43.848911246258524,0.025017581616161744,0.6615142718136959,0.3636317780949154,0.42200958909755326,0.14286997509950747,145.0,45.0,,,,
oracle,org,43,20.193620220802472,43.12702474336919,0.05685568497726623,0.6818968368739124,0.41739785843853466,0.43473263713320287,0.14739908653600922,269.0,54.0,-1.2017816902991099,-0.8834161578181513,-0.005037908097801665,-0.0033300984329485105
oracle,dst,43,20.440674785055418,43.490210660110726,0.040903782975412306,0.6794773254381448,0.39540870374903125,0.4349104962092402,0.1411395555414396,206.0,149.0,-0.9484631778797259,-0.6584379376271675,-0.0038351519888741004,-0.002386586214121152
oracle,both,43,19.536445985046864,42.87704843155329,0.06775745538495137,0.6948647874891508,0.43616144373190335,0.4454765148727537,0.1451866923441185,355.0,69.0,-1.9247225260025687,-1.4879294100683331,-0.007694489847955434,-0.0049745658637945596
H0,org,43,20.37783891320723,43.234306211405794,0.052157574880525415,0.6801597341032848,0.41042010003081464,0.43332561787927887,0.14597261525690813,252.0,54.0,-1.02370698040487,-0.7048880189585217,-0.004532284026696408,-0.002831889748227115
H0,dst,43,20.626461081297883,43.65708146490933,0.03352960843224362,0.6751484620807205,0.38416125764655795,0.433227032376749,0.14132080934224675,304.0,210.0,-0.7849024942498121,-0.4552681333508489,-0.0029558792400128098,-0.0014332611803643566
H0,both,43,19.886424232164956,43.122983103565666,0.05703244982545208,0.6901282490256557,0.4228124500533537,0.44211820998185924,0.13791241632711682,336.0,230.0,-1.597734775944999,-1.1174387846934992,-0.006804428787121892,-0.003965288228696822
H2,org,43,20.668225046364917,43.52611036255891,0.039319726277905254,0.6755457008485669,0.39121469385281515,0.431501308589103,0.14703706909276087,305.0,55.0,-0.7439350932577755,-0.40745118027715205,-0.002937962206857918,-0.0014982674955106227
H2,dst,43,20.752681273054563,43.69310393369732,0.031934036234890883,0.6720502005749581,0.3790325472419813,0.4309413516037465,0.14215776985055253,274.0,225.0,-0.6552069552840968,-0.32887955767547683,-0.002466292036993823,-0.0009981965438888856
H2,both,43,20.280528179214922,43.40362329896422,0.0447190296218164,0.6820982285883922,0.3991202178677427,0.43858830426046413,0.1484904114161315,283.0,85.0,-1.2009629789257337,-0.7225457821610162,-0.004334358259952167,-0.0022613701025431545
H6,org,43,20.873809461392813,43.63113893551064,0.03467788661217064,0.6714244736742039,0.38037840882094187,0.4293180046058716,0.14712323860942608,152.0,57.0,-0.5322332761893888,-0.2063383215695013,-0.002105896064763851,-0.0008794006005763123
H6,dst,43,20.875294419739056,43.76205226215554,0.028876382394654176,0.6689933615685649,0.37095949884102447,0.4300758299245749,0.15043475806705237,213.0,53.0,-0.517039381032365,-0.21707695469256524,-0.0012201303745685145,-0.00033903973023833314
H6,both,43,20.63246912376001,43.62231679480188,0.03506822006392685,0.674742502323918,0.3820394377343719,0.4336486917945185,0.14944179918972553,259.0,52.0,-0.8353402549377537,-0.38086127727545344,-0.0021979808966958326,-0.0007779046772480858
-,none,44,21.267338776414988,43.84394988269474,0.025238201396640347,0.661288674184529,0.3631212175801684,0.42157871628111193,0.14308024329096725,114.0,43.0,,,,
oracle,org,44,20.246587559721632,43.15389314726082,0.05568014939291954,0.6814328612920121,0.41631503922646185,0.4330302097581143,0.14175963269357011,349.0,67.0,-1.1719165742385773,-0.8698584822872345,-0.005435402728198004,-0.003577863502395121
oracle,dst,44,20.42159587148252,43.506166700088016,0.04019989193133522,0.6795942881874101,0.3957925475032947,0.4349181954505778,0.14023163712025863,259.0,163.0,-0.9938999895415888,-0.7104646018232792,-0.004023113905763847,-0.002466237715825819
oracle,both,44,19.543789401876413,42.870728266324946,0.06803226407115015,0.695369145488652,0.4369398661351359,0.4467507520058513,0.14579222471418524,291.0,78.0,-1.9469519733728915,-1.5093760919302073,-0.008056428034419475,-0.005238510003850111
H0,org,44,20.348767927778244,43.25073385693452,0.05143713877564038,0.6801719757820923,0.4106041180626716,0.4343920880750158,0.1472316471494888,289.0,70.0,-1.0803970712750666,-0.755105107148755,-0.004937073224739733,-0.0031206182947948625
H0,dst,44,20.62456796653126,43.646330663963205,0.03400554732292882,0.6745374600731142,0.3828899545739875,0.4321364858136548,0.1416813592398428,293.0,110.0,-0.8075693308625246,-0.48928653723435256,-0.00292968864692667,-0.0014464431101940927
H0,both,44,19.880729829298986,43.11634092197622,0.057322915784966844,0.6896023801459249,0.4228197392945439,0.44130156112767116,0.13961265029326825,335.0,165.0,-1.6242457767269285,-1.1565283781465152,-0.006881578864985068,-0.0041113391884808875
H2,org,44,20.65939176394187,43.527170585336684,0.03927292459933707,0.6750517277822979,0.39176920275165855,0.4318729944516638,0.1494934147795313,292.0,53.0,-0.7807522398362096,-0.44957078729507366,-0.002948029682779767,-0.0015384387812798538
H2,dst,44,20.759610166683814,43.71130513934222,0.03112733512801391,0.6728980290990259,0.37956930885465445,0.4313849010311329,0.142797926962399,287.0,164.0,-0.6632400344470075,-0.35954975434777053,-0.002791294198664526,-0.0012586865003122664
H2,both,44,20.312981620036616,43.43008907517785,0.04355369094688177,0.6823381153856696,0.399850272815916,0.43741991890140036,0.13976853048741433,335.0,162.0,-1.1915361949854577,-0.7234272245386489,-0.004664838453098199,-0.002351813774838397
H6,org,44,20.86828071382767,43.68342514730637,0.03236287580249231,0.67160025534612,0.37976528154876776,0.43026739316793916,0.1478013197686825,295.0,59.0,-0.5813716805575443,-0.22662182005386777,-0.0022282238648616195,-0.000995636952055738
H6,dst,44,20.906133849089763,43.7756808782296,0.02827142302326313,0.6691115434631792,0.37173301349765026,0.42929463996299655,0.14800231541939812,254.0,60.0,-0.5138967232641571,-0.2178907002286032,-0.001584477083047569,-0.0006071224896527359
H6,both,44,20.6480376074341,43.65025064372412,0.033832023056796445,0.6749374140396178,0.38207180488082115,0.4346848977151916,0.15212233592899904,291.0,51.0,-0.8587258850647856,-0.3952933924247925,-0.0022421792878740505,-0.0008169246211775076
