H,config,seed,MAE,RMSE,R2,AUC,PR_AUC,F1,dMAE_vs_none_lo,dMAE_vs_none_hi,dBrier_vs_none_lo,dBrier_vs_none_hi,dBrier_wx_given_prop_lo,dBrier_wx_given_prop_hi,dMAE_wx_given_prop_lo,dMAE_wx_given_prop_hi
-,none,42,21.231010710031807,43.85053517561426,0.02494536400144476,0.6611444434290976,0.3637250687209497,0.42335546114822475,,,,,,,,
H0,prop,42,15.566545163851806,37.30715205750654,0.29422974664151313,0.8040893899193832,0.6826872996863385,0.5884646734700532,-5.90385212305841,-5.436693230086307,-0.050664619318290825,-0.04547310393298872,,,,
H0,both,42,19.89824354829985,43.10572411062664,0.05778710139804166,0.689557037931882,0.42210837543687735,0.44302107198694185,-1.5759387358424317,-1.0895485665700078,-0.0066034929695404235,-0.003921663574481275,,,,
H0,both+prop,42,14.898360939650491,36.950543315102806,0.3076577860688867,0.8192584439552277,0.6976655194804141,0.6056160030410846,-6.626628837843085,-6.051803523219838,-0.05318538761020463,-0.047471774222530745,-0.0029908664105752817,-0.001649920706646518,-0.8022878861910108,-0.5400213440396231
H2,prop,42,17.72349082542947,39.617045993134475,0.20412780054074464,0.7633523450656184,0.5935669988053491,0.5201252610731492,-3.649207205268506,-3.3650025068289073,-0.03234020878499296,-0.02860914582667181,,,,
H2,both,42,20.308598402605075,43.43731675380348,0.043235318964854996,0.6822777272699058,0.39953835457261955,0.4376162358412211,-1.1638449234588024,-0.6776046924192923,-0.0044614027613657905,-0.002226311112499173,,,,
H2,both+prop,42,17.176316161825806,39.344122732238134,0.21505561404757834,0.7773368017343513,0.6080824777946069,0.5384345669138464,-4.284766387290515,-3.8362479559313907,-0.034682686558567745,-0.03045973112038106,-0.002873342674878229,-0.0014784724674635078,-0.7171508442349331,-0.3888467819082883
H6,prop,42,20.263571183245602,42.639323912788086,0.07806611979633549,0.6868905213179535,0.4189395922496778,0.4335898570590796,-1.0171837838147073,-0.9125725986553925,-0.005096609749239479,-0.004618600743952596,,,,
H6,both,42,20.67138571148061,43.63798835141694,0.034374781454612924,0.6750428803007107,0.38304158000598243,0.43519052679520265,-0.7922613999616527,-0.3302154754589636,-0.002389822570303949,-0.0008903937083133554,,,,
H6,both+prop,42,19.77489205502851,42.45705596274528,0.08593115280085872,0.6987334219993205,0.4309818810701044,0.4518914549986907,-1.6733155687382875,-1.2498913657050528,-0.006592528588259668,-0.005266228103774209,-0.0017368876344979983,-0.0004408376492514191,-0.6960154402607277,-0.29028855317336444
